Reference Number,Grid Ref: Easting,Grid Ref: Northing,Number of Vehicles,Accident Date,Time (24hr),1st Road Class,1st Road Class & No,Road Surface,Lighting Conditions,Weather Conditions,Local Authority,Casualty Class,Casualty Severity,Sex of Casualty,Age of Casualty,Vehicle Number,Type of Vehicle
21I0162,403133,416025,4,18/01/2016,635,1,M62,1,4,1,Calderdale,1,3,2,22,4,9
3110152,414587,423570,1,01/01/2016,52,3,A641,2,4,1,Calderdale,3,3,1,27,1,8
3111234,393739,424784,1,01/01/2016,1204,6,U,2,1,1,Calderdale,1,3,2,87,1,9
3111417,408606,425312,2,01/01/2016,1400,6,U,1,1,1,Calderdale,1,3,1,23,2,9
3120868,414693,423125,1,02/01/2016,1630,3,A641,2,4,2,Calderdale,3,3,2,65,1,9
3130309,407972,427403,2,03/01/2016,1700,3,A629,2,4,2,Calderdale,1,3,1,24,2,1
3160235,415504,422441,2,06/01/2016,734,6,U,2,4,1,Calderdale,1,3,1,26,1,3
3160381,413126,425709,2,06/01/2016,950,3,A58,2,1,1,Calderdale,1,3,2,82,1,9
3160381,413126,425709,2,06/01/2016,950,3,A58,2,1,1,Calderdale,1,3,1,32,2,21
3170251,409788,425724,2,07/01/2016,846,3,A58,2,1,2,Calderdale,1,3,2,25,1,9
3170954,405401,422979,1,07/01/2016,1600,3,A58,1,1,1,Calderdale,3,3,1,34,1,9
3180588,409782,423047,1,08/01/2016,1200,3,A629,1,1,1,Calderdale,3,3,2,36,1,19
31D1329,403143,418945,1,13/01/2016,1856,6,U,2,1,1,Calderdale,1,2,1,27,1,2
3.10E+244,411774,419714,2,14/01/2016,831,1,M62,2,1,1,Calderdale,1,3,1,63,2,9
31E0647,412541,422573,2,14/01/2016,1320,3,A6025,1,1,1,Calderdale,1,1,1,55,2,1
31F0586,409114,425090,1,15/01/2016,1202,3,A629,1,1,1,Calderdale,3,2,2,87,1,21
31F0958,407528,424845,2,15/01/2016,1536,6,U,2,1,1,Calderdale,1,3,1,29,2,9
31G0678,411005,427187,1,16/01/2016,1310,6,U,1,1,1,Calderdale,3,3,1,60,1,9
31G1154,413887,421831,1,16/01/2016,2054,6,U,3,4,3,Calderdale,2,3,2,29,1,8
31G1651,399498,414942,1,16/01/2016,2101,1,M62,3,4,3,Calderdale,1,3,2,18,1,9
31H1781,402301,426653,1,17/01/2016,2040,6,U,2,6,1,Calderdale,1,2,1,33,1,90
31I1143,407393,426889,2,18/01/2016,1635,6,U,1,4,9,Calderdale,1,3,1,23,2,9
31K0268,412038,421300,1,20/01/2016,911,6,U,2,1,1,Calderdale,3,3,2,33,1,9
31M0284,407016,424660,1,22/01/2016,900,6,U,2,1,1,Calderdale,2,3,1,16,1,8
31M0284,407016,424660,1,22/01/2016,900,6,U,2,1,1,Calderdale,2,3,2,11,1,8
31M0284,407016,424660,1,22/01/2016,900,6,U,2,1,1,Calderdale,2,3,1,12,1,8
31M0292,398592,414846,2,22/01/2016,915,1,M62,1,1,1,Calderdale,1,3,1,47,2,9
31P0777,410993,419540,2,25/01/2016,1410,3,A629,1,1,1,Calderdale,2,3,2,30,1,9
31Q0924,409336,424880,1,26/01/2016,1533,6,U,2,1,1,Calderdale,3,3,1,25,1,9
31Q1106,415068,422681,1,26/01/2016,1708,6,U,2,4,5,Calderdale,3,3,1,49,1,9
31R1164,414410,422648,2,27/01/2016,1728,6,U,2,4,5,Calderdale,1,3,1,27,2,3
31S1569,409713,424532,2,28/01/2016,2050,6,U,1,4,9,Calderdale,1,3,2,20,1,9
31U1040,409253,424980,1,30/01/2016,1515,6,U,1,1,9,Calderdale,3,3,2,66,1,9
31U1697,416858,422547,1,30/01/2016,2331,1,M62,3,4,6,Calderdale,2,3,2,31,1,9
31V0894,414677,422523,2,31/01/2016,1455,3,A641,2,1,1,Calderdale,3,3,2,16,1,9
3220230,413458,421395,2,02/02/2016,830,6,U,1,1,1,Calderdale,1,3,1,55,1,9
3241169,408059,427385,1,04/02/2016,1636,3,A629,1,1,9,Calderdale,3,3,2,5,1,9
3260748,392223,423335,1,06/02/2016,1325,3,A681,2,1,5,Calderdale,1,3,2,55,1,9
3270790,398412,414771,2,27/01/2016,1624,1,M62,1,4,9,Calderdale,1,3,2,55,2,9
3280794,398505,427329,2,08/02/2016,1430,3,A646,2,1,2,Calderdale,1,3,1,55,2,1
3290978,411200,424111,1,09/02/2016,1618,6,U,2,1,1,Calderdale,1,3,1,19,1,3
3291371,408336,426868,3,09/02/2016,1934,3,A629,2,4,1,Calderdale,1,2,1,54,1,9
32A0776,409736,422586,1,10/02/2016,1402,3,A629,1,1,9,Calderdale,3,3,1,50,1,9
32B0182,401480,425990,1,11/02/2016,645,3,A646,4,4,1,Calderdale,1,3,1,21,1,9
32B1360,408345,424850,2,11/02/2016,1910,6,U,1,4,1,Calderdale,2,3,1,26,1,9
32F0596,393050,422675,1,15/02/2016,1150,3,A6033,1,1,1,Calderdale,3,3,2,13,1,9
32G0319,413437,424095,2,16/02/2016,900,3,A644,1,1,1,Calderdale,1,3,1,74,1,19
32G1670,411596,422380,1,16/02/2016,2110,3,A6025,2,5,2,Calderdale,1,3,1,18,1,9
32I0414,409481,424791,5,18/02/2016,1028,6,U,1,1,1,Calderdale,2,3,2,26,2,9
32I0414,409481,424791,5,18/02/2016,1028,6,U,1,1,1,Calderdale,1,3,1,37,2,9
32I0414,409481,424791,5,18/02/2016,1028,6,U,1,1,1,Calderdale,2,3,2,36,1,9
32I0414,409481,424791,5,18/02/2016,1028,6,U,1,1,1,Calderdale,1,3,2,34,1,9
32J1060,411085,420866,2,19/02/2016,1625,4,B6114,2,1,2,Calderdale,1,3,1,24,2,1
32J1552,411880,427810,2,19/02/2016,2100,3,A58,2,4,2,Calderdale,1,3,2,33,1,9
32K0974,409688,421256,2,20/02/2016,1530,4,B6112,1,1,1,Calderdale,1,2,2,46,2,9
32K1018,408873,420062,2,20/02/2016,1530,4,B6112,2,1,2,Calderdale,1,3,2,32,2,9
32K1394,412459,425468,2,20/02/2016,2004,3,A58,2,4,1,Calderdale,1,3,1,36,1,8
32K1394,412459,425468,2,20/02/2016,2004,3,A58,2,4,1,Calderdale,1,2,2,19,2,9
32K1416,402657,426067,2,20/02/2016,1550,3,A646,2,1,5,Calderdale,1,3,2,30,1,9
32M0175,411812,419730,3,22/02/2016,700,1,M62,2,1,1,Calderdale,1,3,1,41,2,9
32M0175,411812,419730,3,22/02/2016,700,1,M62,2,1,1,Calderdale,2,3,1,60,2,9
32M0227,409640,425086,3,22/02/2016,750,6,U,1,1,1,Calderdale,2,3,2,7,2,9
32M0227,409640,425086,3,22/02/2016,750,6,U,1,1,1,Calderdale,2,3,2,9,2,9
32M0494,416497,422252,2,22/02/2016,1129,1,M62,2,1,1,Calderdale,1,3,1,44,2,9
32M1174,407677,427445,1,22/02/2016,1710,6,U,1,1,1,Calderdale,1,2,1,41,1,5
32M1603,409184,425232,1,22/02/2016,1320,6,U,1,1,1,Calderdale,3,3,2,29,1,9
32O0511,411416,427371,2,24/02/2016,1805,6,U,1,4,1,Calderdale,1,3,2,45,2,1
32O0588,414888,425169,2,24/02/2016,1157,3,A649,1,1,1,Calderdale,1,3,2,35,2,9
32O1017,414843,425160,1,24/02/2016,1337,3,A649,1,1,1,Calderdale,3,3,1,29,1,9
32P0988,393451,424637,1,25/02/2016,1550,3,A646,1,1,1,Calderdale,3,3,1,3,1,9
32P1253,409581,421143,2,25/02/2016,1720,6,U,1,1,1,Calderdale,1,3,2,41,1,9
32Q0719,414437,422309,2,26/02/2016,1340,6,U,1,1,1,Calderdale,1,3,1,33,1,9
32R1375,415918,422345,2,27/02/2016,1950,3,A644,1,4,1,Calderdale,1,3,1,19,1,9
32R1375,415918,422345,2,27/02/2016,1950,3,A644,1,4,1,Calderdale,2,3,1,70,2,9
32R1375,415918,422345,2,27/02/2016,1950,3,A644,1,4,1,Calderdale,2,3,2,18,1,9
32R1375,415918,422345,2,27/02/2016,1950,3,A644,1,4,1,Calderdale,1,3,2,55,2,9
32S0431,409821,423156,1,29/02/2016,715,3,A629,1,1,1,Calderdale,1,3,2,19,1,9
32S0431,409821,423156,1,29/02/2016,715,3,A629,1,1,1,Calderdale,2,2,2,23,1,9
32S0859,414314,422920,1,28/02/2016,1345,3,A643,1,1,1,Calderdale,1,3,1,51,1,5
3310958,407582,425123,3,01/03/2016,1540,6,U,2,1,2,Calderdale,2,2,1,4,1,9
3310958,407582,425123,3,01/03/2016,1540,6,U,2,1,2,Calderdale,1,3,1,23,2,9
3310958,407582,425123,3,01/03/2016,1540,6,U,2,1,2,Calderdale,1,3,1,53,3,9
3310958,407582,425123,3,01/03/2016,1540,6,U,2,1,2,Calderdale,2,3,1,11,1,9
3310958,407582,425123,3,01/03/2016,1540,6,U,2,1,2,Calderdale,2,3,2,52,3,9
3310958,407582,425123,3,01/03/2016,1540,6,U,2,1,2,Calderdale,2,3,1,12,1,9
3310958,407582,425123,3,01/03/2016,1540,6,U,2,1,2,Calderdale,1,3,2,35,1,9
3310958,407582,425123,3,01/03/2016,1540,6,U,2,1,2,Calderdale,2,3,2,6,1,9
3320138,402877,418968,1,02/03/2016,542,3,A58,3,4,6,Calderdale,1,3,1,47,1,9
3320266,399035,427470,1,02/03/2016,905,6,U,3,1,3,Calderdale,1,3,2,48,1,9
3320677,396368,427550,2,02/03/2016,1250,6,U,1,1,9,Calderdale,1,3,1,23,1,9
3321052,411435,419632,3,02/03/2016,1620,3,A629,1,1,1,Calderdale,1,3,2,51,3,9
3321183,417028,423394,3,02/03/2016,1727,1,M62,2,1,1,Calderdale,1,3,1,39,1,19
3321183,417028,423394,3,02/03/2016,1727,1,M62,2,1,1,Calderdale,1,3,1,35,2,9
3321327,414398,422462,2,02/03/2016,1725,6,U,1,1,9,Calderdale,1,3,2,19,1,9
3321327,414398,422462,2,02/03/2016,1725,6,U,1,1,9,Calderdale,2,3,2,21,1,9
3340415,405276,426012,1,04/03/2016,958,6,U,3,1,3,Calderdale,1,3,1,57,1,9
3340431,399189,427195,2,04/03/2016,800,3,A646,3,1,3,Calderdale,1,3,2,36,2,1
3340935,408338,424977,2,04/03/2016,1500,6,U,3,1,3,Calderdale,1,3,2,40,2,9
3350504,408160,425715,1,05/03/2016,1030,6,U,1,1,1,Calderdale,3,3,2,12,1,9
3361376,408037,424042,2,06/03/2016,1923,6,U,1,4,1,Calderdale,1,3,1,25,2,9
3370301,408992,424888,1,07/03/2016,904,6,U,1,1,1,Calderdale,3,3,2,67,1,9
3370815,414568,426034,2,07/03/2016,1840,3,A58,1,1,1,Calderdale,1,3,1,64,1,9
3370815,414568,426034,2,07/03/2016,1840,3,A58,1,1,1,Calderdale,1,3,1,57,2,20
3370815,414568,426034,2,07/03/2016,1840,3,A58,1,1,1,Calderdale,3,3,1,55,2,20
3371101,411663,420778,2,07/03/2016,1642,6,U,1,1,1,Calderdale,1,3,1,33,2,9
3390866,407380,425483,1,09/03/2016,1545,6,U,2,1,2,Calderdale,3,3,1,11,1,9
33A0206,407946,424632,2,10/03/2016,651,6,U,1,1,9,Calderdale,1,3,1,48,2,9
33A0213,405815,422051,2,10/03/2016,657,6,U,2,6,1,Calderdale,1,3,1,35,1,9
33C1199,407566,424527,1,12/03/2016,1700,6,U,1,1,1,Calderdale,3,3,1,7,1,9
33D1557,408195,423783,6,13/03/2016,1048,3,A646,1,1,1,Calderdale,2,3,1,25,2,9
33D1557,408195,423783,6,13/03/2016,1048,3,A646,1,1,1,Calderdale,1,3,1,22,2,9
33D1557,408195,423783,6,13/03/2016,1048,3,A646,1,1,1,Calderdale,2,3,1,21,2,9
33F0219,398779,414808,2,15/03/2016,759,1,M62,2,1,1,Calderdale,1,3,1,34,1,19
33I0181,389790,426414,1,18/03/2016,600,3,A646,1,1,9,Calderdale,2,3,1,24,1,19
33I0377,409005,425708,2,18/03/2016,830,3,A629,1,1,1,Calderdale,1,3,2,21,1,9
33J0580,406602,427868,1,19/03/2016,1107,6,U,1,1,1,Calderdale,3,3,1,26,1,9
33J0801,405365,419976,2,19/03/2016,1330,6,U,1,1,1,Calderdale,1,2,1,88,1,9
33J1240,405208,427517,1,19/03/2016,1727,6,U,1,1,1,Calderdale,1,3,2,24,1,9
33J1240,405208,427517,1,19/03/2016,1727,6,U,1,1,1,Calderdale,2,3,2,23,1,9
33J1371,406671,427925,3,19/03/2016,1856,6,U,1,4,1,Calderdale,1,3,1,72,1,9
33J1371,406671,427925,3,19/03/2016,1856,6,U,1,4,1,Calderdale,1,3,1,21,2,9
33J1371,406671,427925,3,19/03/2016,1856,6,U,1,4,1,Calderdale,2,3,2,21,2,9
33J1382,407914,424913,1,19/03/2016,1902,6,U,1,1,1,Calderdale,3,2,1,93,1,9
33L1219,410008,425482,2,21/03/2016,1655,6,U,1,1,1,Calderdale,1,3,1,41,2,1
33M1152,401473,425989,3,22/03/2016,1710,3,A646,1,1,1,Calderdale,1,2,1,36,1,5
33M1183,413863,421630,1,22/03/2016,1730,3,A643,1,1,1,Calderdale,3,3,1,7,1,9
33N1069,409016,425008,2,23/03/2016,1700,6,U,1,1,1,Calderdale,1,3,1,79,1,9
33O0214,412418,421281,1,24/03/2016,759,6,U,2,1,8,Calderdale,1,3,2,27,1,9
33O0214,412418,421281,1,24/03/2016,759,6,U,2,1,8,Calderdale,2,3,1,36,1,9
33O0387,401772,426026,3,24/03/2016,1025,3,A646,2,1,1,Calderdale,1,3,1,59,3,9
33O0387,401772,426026,3,24/03/2016,1025,3,A646,2,1,1,Calderdale,2,3,2,10,2,9
33O0955,404417,420854,1,24/03/2016,1555,3,A58,1,1,8,Calderdale,3,2,1,14,1,9
33O1266,414792,425796,2,24/03/2016,1827,3,A641,2,4,2,Calderdale,1,3,1,49,2,4
33P0349,411413,427060,2,25/03/2016,715,3,A6036,1,1,1,Calderdale,1,3,1,50,2,1
33Q1220,417065,423065,1,26/03/2016,1731,1,M62,2,1,5,Calderdale,1,3,2,33,1,9
33R0683,399924,415092,1,27/03/2016,1350,1,M62,2,1,5,Calderdale,2,3,2,26,1,9
33R1176,404379,420563,3,27/03/2016,1910,3,A58,2,1,1,Calderdale,1,3,1,39,1,9
33T0310,407409,423663,3,29/03/2016,845,3,A6026,2,1,3,Calderdale,1,3,1,36,1,9
33T1544,414842,425163,2,29/03/2016,600,3,A649,1,1,1,Calderdale,1,3,1,35,2,9
33V0465,416481,422070,2,31/03/2016,930,3,A644,1,1,1,Calderdale,1,3,1,35,2,9
33V0465,416481,422070,2,31/03/2016,930,3,A644,1,1,1,Calderdale,2,3,1,35,2,9
3420305,408379,428794,1,02/04/2016,550,6,U,2,1,1,Calderdale,3,3,1,36,1,9
3420792,403500,422855,1,02/04/2016,1353,6,U,1,1,1,Calderdale,3,2,1,22,1,9
3420995,407901,423248,3,02/04/2016,1610,3,A6026,1,1,1,Calderdale,1,3,1,47,1,9
3420995,407901,423248,3,02/04/2016,1610,3,A6026,1,1,1,Calderdale,2,3,2,46,1,9
3420995,407901,423248,3,02/04/2016,1610,3,A6026,1,1,1,Calderdale,2,3,2,16,1,9
3420995,407901,423248,3,02/04/2016,1610,3,A6026,1,1,1,Calderdale,1,3,2,32,2,9
3420995,407901,423248,3,02/04/2016,1610,3,A6026,1,1,1,Calderdale,2,3,1,62,2,9
3420995,407901,423248,3,02/04/2016,1610,3,A6026,1,1,1,Calderdale,2,3,2,62,2,9
3420995,407901,423248,3,02/04/2016,1610,3,A6026,1,1,1,Calderdale,1,3,2,70,3,9
3420995,407901,423248,3,02/04/2016,1610,3,A6026,1,1,1,Calderdale,2,3,2,70,3,9
3461570,409339,425051,1,06/04/2016,2148,6,U,2,5,2,Calderdale,3,3,1,77,1,8
3480467,416839,422518,1,08/04/2016,1030,1,M62,1,1,1,Calderdale,1,3,1,49,1,21
34A0860,408647,425064,1,10/04/2016,1443,6,U,1,1,1,Calderdale,3,3,2,14,1,9
34A1623,409793,423192,3,10/04/2016,2122,3,A629,1,4,1,Calderdale,1,3,1,32,3,9
34B0661,411380,428288,1,11/04/2016,1308,3,A644,1,1,1,Calderdale,3,3,1,54,1,21
34B1087,406848,426030,1,11/04/2016,1604,6,U,1,1,1,Calderdale,3,3,2,4,1,9
34C0594,408003,424399,1,12/04/2016,1236,6,U,2,1,2,Calderdale,3,2,2,37,1,9
34C0994,405701,423371,2,12/04/2016,1620,6,U,2,1,2,Calderdale,1,3,2,44,1,9
34C0994,405701,423371,2,12/04/2016,1620,6,U,2,1,2,Calderdale,1,3,2,23,2,9
34C1515,406972,429778,1,12/04/2016,2104,6,U,2,4,1,Calderdale,2,2,1,19,1,9
34C1515,406972,429778,1,12/04/2016,2104,6,U,2,4,1,Calderdale,2,2,1,15,1,9
34C1515,406972,429778,1,12/04/2016,2104,6,U,2,4,1,Calderdale,2,2,1,25,1,9
34D1086,406635,425239,2,13/04/2016,1649,6,U,1,1,1,Calderdale,1,3,2,46,2,9
34D1616,411542,421733,1,13/04/2016,1700,6,U,1,1,1,Calderdale,1,1,1,46,1,5
34E0710,407993,425790,2,15/04/2016,1256,6,U,1,1,1,Calderdale,1,3,1,43,2,1
34E0944,407476,424398,1,14/04/2016,1515,6,U,1,1,1,Calderdale,3,3,1,4,1,9
34E1260,405366,420296,2,14/04/2016,1800,4,B611,1,1,1,Calderdale,1,3,2,25,2,9
34F0956,406877,425753,2,15/04/2016,1505,6,U,2,1,1,Calderdale,1,2,2,53,2,5
34F1670,415132,422811,2,15/04/2016,1800,3,A644,1,1,1,Calderdale,1,3,1,50,2,1
34I1717,408413,425227,1,18/04/2016,2221,6,U,1,4,1,Calderdale,3,3,2,55,1,9
34J0222,409848,420471,2,19/04/2016,800,6,U,1,1,1,Calderdale,1,2,2,21,1,3
34J0500,414677,422587,4,19/04/2016,1136,3,A641,1,1,1,Calderdale,1,3,2,26,2,9
34J0500,414677,422587,4,19/04/2016,1136,3,A641,1,1,1,Calderdale,1,3,2,38,3,9
34K0340,392289,425527,2,20/04/2016,910,3,A646,1,1,1,Calderdale,1,2,1,74,1,5
34K1009,414156,423884,4,20/04/2016,1525,6,U,1,1,1,Calderdale,1,3,1,37,1,9
34K1009,414156,423884,4,20/04/2016,1525,6,U,1,1,1,Calderdale,1,3,1,45,2,8
34K1009,414156,423884,4,20/04/2016,1525,6,U,1,1,1,Calderdale,1,3,2,51,3,9
34K1009,414156,423884,4,20/04/2016,1525,6,U,1,1,1,Calderdale,1,3,1,24,4,9
34L1881,413908,421781,3,21/04/2016,2244,3,A643,1,4,1,Calderdale,1,3,1,34,1,9
34L1881,413908,421781,3,21/04/2016,2244,3,A643,1,4,1,Calderdale,2,3,1,20,2,9
34M0253,414636,424161,2,22/04/2016,811,3,A641,1,1,1,Calderdale,1,3,2,57,1,9
34M0253,414636,424161,2,22/04/2016,811,3,A641,1,1,1,Calderdale,1,3,2,62,2,9
34M0719,415334,422728,2,22/04/2016,1258,3,A644,1,1,1,Calderdale,1,3,2,41,1,9
34N0132,407672,424220,2,23/04/2016,130,3,A646,1,4,1,Calderdale,1,3,1,23,1,9
34N0132,407672,424220,2,23/04/2016,130,3,A646,1,4,1,Calderdale,1,3,1,40,2,8
34O1250,414454,423658,2,17/04/2016,1730,6,U,1,1,1,Calderdale,2,3,2,51,1,9
34P0187,408106,424354,2,25/04/2016,610,3,A58,1,1,1,Calderdale,1,3,1,37,2,1
34P1169,412179,419920,2,25/04/2016,1736,1,M62,2,1,1,Calderdale,1,3,1,27,1,9
34P1169,412179,419920,2,25/04/2016,1736,1,M62,2,1,1,Calderdale,1,3,1,31,2,20
34P1247,392361,425492,2,25/04/2016,1730,3,A646,1,1,1,Calderdale,1,3,1,59,2,1
34Q1245,409720,421290,1,26/04/2016,1545,4,B6112,1,1,1,Calderdale,3,3,1,14,1,9
34S1515,407617,425519,3,28/04/2016,2104,6,U,1,4,1,Calderdale,3,3,1,60,3,9
34U0342,412460,425470,2,30/04/2016,718,6,U,1,1,1,Calderdale,1,3,2,30,1,9
34U0642,408266,424518,1,30/04/2016,1205,3,A58,1,1,1,Calderdale,3,3,1,51,1,9
34U1416,414193,423267,2,30/04/2016,1925,6,U,1,1,1,Calderdale,1,3,1,54,2,9
3510213,399909,428376,1,30/04/2016,1230,6,U,1,1,1,Calderdale,3,3,2,43,1,9
3511719,407590,425132,2,01/05/2016,2239,6,U,1,4,1,Calderdale,1,3,2,26,2,9
3530059,416484,422149,2,03/05/2016,1126,1,M62,1,1,1,Calderdale,1,3,1,29,1,9
3531213,409959,423451,1,03/05/2016,1725,6,U,1,1,1,Calderdale,3,2,1,11,1,9
3540216,416979,422783,3,04/05/2016,743,1,M62,1,1,1,Calderdale,1,3,2,31,2,9
3540216,416979,422783,3,04/05/2016,743,1,M62,1,1,1,Calderdale,1,3,2,22,3,9
3550245,404577,422510,1,05/05/2016,756,3,A58,1,1,1,Calderdale,3,3,2,25,1,5
3550245,404577,422510,1,05/05/2016,756,3,A58,1,1,1,Calderdale,1,3,1,24,1,5
3550245,404577,422510,1,05/05/2016,756,3,A58,1,1,1,Calderdale,2,3,2,22,1,5
3551098,393803,424462,2,05/05/2016,1700,6,U,1,1,1,Calderdale,1,3,1,24,2,9
3560906,411445,419561,2,06/05/2016,1418,3,A629,1,1,1,Calderdale,1,3,2,27,1,9
3561315,408859,419866,2,06/05/2016,1230,4,B6112,1,1,1,Calderdale,3,3,2,40,1,9
3571739,401063,432731,1,07/05/2016,2207,3,A6033,2,6,1,Calderdale,2,3,1,19,1,9
3580680,404010,419853,2,08/05/2016,1202,3,A58,1,1,1,Calderdale,1,3,1,30,2,1
35A1145,407627,429872,1,10/05/2016,1515,6,U,1,1,1,Calderdale,3,3,2,6,1,9
35A1209,409831,424400,2,10/05/2016,1720,6,U,2,1,2,Calderdale,1,3,1,40,1,1
35A1419,405886,423506,2,10/05/2016,1345,6,U,1,1,1,Calderdale,1,3,1,50,1,5
35B0303,409499,424287,3,11/05/2016,904,6,U,1,1,1,Calderdale,1,3,2,79,2,9
35B0303,409499,424287,3,11/05/2016,904,6,U,1,1,1,Calderdale,1,3,2,73,3,9
35C0204,412501,425475,4,12/05/2016,705,3,A58,1,1,1,Calderdale,1,3,2,64,2,9
35C0204,412501,425475,4,12/05/2016,705,3,A58,1,1,1,Calderdale,1,3,2,55,3,9
35D0995,407765,425435,1,13/05/2016,1555,6,U,1,1,1,Calderdale,3,2,1,20,1,9
35D1460,411355,426927,1,13/05/2016,2000,6,U,1,1,1,Calderdale,1,3,1,19,1,2
35E0456,407399,425925,2,14/05/2016,951,6,U,1,1,1,Calderdale,1,3,2,24,2,9
35E0945,408559,424439,2,14/05/2016,1438,6,U,1,1,1,Calderdale,1,3,2,24,1,9
35E0945,408559,424439,2,14/05/2016,1438,6,U,1,1,1,Calderdale,1,3,2,42,2,9
35E1263,409671,425753,2,14/05/2016,1420,3,A58,1,1,1,Calderdale,2,3,1,9,1,9
35E1263,409671,425753,2,14/05/2016,1420,3,A58,1,1,1,Calderdale,1,3,1,32,1,9
35E1263,409671,425753,2,14/05/2016,1420,3,A58,1,1,1,Calderdale,2,3,2,11,1,9
35E1460,394316,424355,1,14/05/2016,1905,3,A646,1,1,1,Calderdale,3,3,2,32,1,19
35F0474,405915,423557,2,15/05/2016,855,3,A58,1,1,1,Calderdale,1,3,1,48,1,9
35F0474,405915,423557,2,15/05/2016,855,3,A58,1,1,1,Calderdale,1,3,2,20,2,9
35G1178,414680,422496,2,16/05/2016,1735,3,A641,1,1,1,Calderdale,1,3,1,57,2,5
35G1496,407893,427435,2,16/05/2016,2000,3,A629,1,1,1,Calderdale,1,3,1,13,2,1
35G1841,412296,425502,2,16/05/2016,2314,3,A58,1,4,1,Calderdale,1,3,1,83,1,9
35G1841,412296,425502,2,16/05/2016,2314,3,A58,1,4,1,Calderdale,2,3,1,79,1,9
35G1841,412296,425502,2,16/05/2016,2314,3,A58,1,4,1,Calderdale,1,3,1,34,2,9
35H0570,413904,421778,2,17/05/2016,1209,6,U,1,1,1,Calderdale,1,3,2,31,1,19
35H0570,413904,421778,2,17/05/2016,1209,6,U,1,1,1,Calderdale,1,3,1,42,2,9
35H0958,408876,423653,1,14/05/2016,1645,6,U,1,1,1,Calderdale,3,3,1,35,1,9
35H1310,407309,425885,3,17/05/2016,1810,6,U,1,1,1,Calderdale,1,3,2,19,1,9
35H1310,407309,425885,3,17/05/2016,1810,6,U,1,1,1,Calderdale,2,3,1,62,1,9
35J0975,408028,427453,2,19/05/2016,1400,6,U,1,1,1,Calderdale,2,3,1,1,1,9
35J0975,408028,427453,2,19/05/2016,1400,6,U,1,1,1,Calderdale,1,3,2,52,1,9
35J1725,414172,422252,1,19/05/2016,2149,6,U,1,4,1,Calderdale,3,3,2,45,1,9
35J1725,414172,422252,1,19/05/2016,2149,6,U,1,4,1,Calderdale,1,3,2,26,1,9
35K0094,409224,425275,1,20/05/2016,230,6,U,2,4,1,Calderdale,3,3,2,23,1,9
35K0094,409224,425275,1,20/05/2016,230,6,U,2,4,1,Calderdale,3,3,2,24,1,9
35K0094,409224,425275,1,20/05/2016,230,6,U,2,4,1,Calderdale,3,3,1,25,1,9
35L0210,414744,423018,1,21/05/2016,210,3,A643,2,4,2,Calderdale,1,2,1,20,1,9
35L0210,414744,423018,1,21/05/2016,210,3,A643,2,4,2,Calderdale,2,2,1,21,1,9
35L0210,414744,423018,1,21/05/2016,210,3,A643,2,4,2,Calderdale,2,3,1,21,1,9
35L0210,414744,423018,1,21/05/2016,210,3,A643,2,4,2,Calderdale,2,3,1,25,1,9
35L1533,412961,429055,2,21/05/2016,2108,4,B6147,2,4,2,Calderdale,2,3,2,19,1,9
35L1533,412961,429055,2,21/05/2016,2108,4,B6147,2,4,2,Calderdale,1,2,2,40,2,9
35M1636,408595,424735,1,22/05/2016,2045,3,A58,1,4,1,Calderdale,1,3,1,18,1,9
35M1636,408595,424735,1,22/05/2016,2045,3,A58,1,4,1,Calderdale,2,3,2,16,1,9
35N0865,404058,416650,2,23/05/2016,1435,1,M62,1,1,1,Calderdale,2,2,2,74,2,9
35N1203,408350,426794,2,23/05/2016,1720,6,U,1,1,1,Calderdale,1,3,1,44,1,1
35O0880,410366,425969,2,24/05/2016,1428,3,A58,1,1,1,Calderdale,2,3,2,65,1,9
35O0880,410366,425969,2,24/05/2016,1428,3,A58,1,1,1,Calderdale,1,3,2,68,1,9
35O0880,410366,425969,2,24/05/2016,1428,3,A58,1,1,1,Calderdale,1,3,1,46,2,9
35O1625,407550,423565,2,24/05/2016,2022,3,A6026,1,1,1,Calderdale,1,3,2,65,2,1
35Q0532,414832,422966,1,26/05/2016,1155,3,A641,2,1,2,Calderdale,3,3,2,75,1,8
35Q1029,411033,423353,1,26/05/2016,1632,6,U,2,1,2,Calderdale,1,2,1,20,1,2
35Q1133,411194,423817,1,26/05/2016,1720,6,U,2,1,2,Calderdale,3,3,1,8,1,9
35R0203,409101,426048,2,27/05/2016,2345,3,A647,1,4,1,Calderdale,1,3,1,45,1,9
35R0203,409101,426048,2,27/05/2016,2345,3,A647,1,4,1,Calderdale,2,3,2,45,1,9
35S0631,393415,421649,3,28/05/2016,1016,3,A6033,1,1,1,Calderdale,1,3,1,26,3,1
35S0631,393415,421649,3,28/05/2016,1016,3,A6033,1,1,1,Calderdale,1,3,1,46,2,1
35T1575,395911,428091,1,29/05/2016,2018,6,U,1,1,1,Calderdale,1,3,1,60,1,5
35V0057,411252,427439,1,30/05/2016,1735,6,U,1,1,1,Calderdale,3,2,1,15,1,9
35V0953,407795,424213,3,31/05/2016,1603,3,A58,1,1,1,Calderdale,1,3,1,20,1,9
35V0953,407795,424213,3,31/05/2016,1603,3,A58,1,1,1,Calderdale,2,3,1,21,1,9
35V0953,407795,424213,3,31/05/2016,1603,3,A58,1,1,1,Calderdale,1,3,1,28,2,19
35V1162,414559,422400,2,31/05/2016,1750,6,U,1,1,1,Calderdale,1,3,1,16,1,23
3620935,414245,422425,2,02/06/2016,1515,6,U,1,1,1,Calderdale,1,3,1,37,2,9
3620935,414245,422425,2,02/06/2016,1515,6,U,1,1,1,Calderdale,2,3,1,10,2,9
3620935,414245,422425,2,02/06/2016,1515,6,U,1,1,1,Calderdale,2,3,2,12,2,9
3650845,407559,424520,1,05/06/2016,1342,6,U,1,1,1,Calderdale,3,2,1,1,1,8
3660752,408167,425721,1,06/06/2016,1300,6,U,1,1,1,Calderdale,3,3,1,36,1,8
36B1608,409223,425376,3,11/06/2016,2035,6,U,2,4,2,Calderdale,1,3,1,63,2,9
36B1608,409223,425376,3,11/06/2016,2035,6,U,2,4,2,Calderdale,2,3,1,25,2,9
36C0768,406231,428185,2,12/06/2016,1248,6,U,2,1,2,Calderdale,2,3,2,65,2,9
36E1732,407711,425682,2,14/06/2016,2132,6,U,2,1,1,Calderdale,2,3,2,25,1,9
36G0587,414670,422867,1,16/06/2016,1215,6,U,1,1,1,Calderdale,3,3,1,68,1,9
36I0822,409254,424938,2,18/06/2016,1315,3,A629,1,1,1,Calderdale,2,3,1,31,2,8
36I0822,409254,424938,2,18/06/2016,1315,3,A629,1,1,1,Calderdale,2,3,2,27,2,8
36I0822,409254,424938,2,18/06/2016,1315,3,A629,1,1,1,Calderdale,2,3,1,9,2,8
36I0822,409254,424938,2,18/06/2016,1315,3,A629,1,1,1,Calderdale,2,3,2,7,2,8
36I0822,409254,424938,2,18/06/2016,1315,3,A629,1,1,1,Calderdale,2,3,1,1,2,8
36I0822,409254,424938,2,18/06/2016,1315,3,A629,1,1,1,Calderdale,2,3,2,54,2,8
36I0976,408486,425575,2,18/06/2016,1448,6,U,1,1,1,Calderdale,1,3,1,36,1,9
36K0391,410939,420668,2,14/06/2016,20,6,U,1,7,1,Calderdale,1,3,1,37,1,9
36K1213,412224,426309,2,20/06/2016,1734,3,A644,1,1,1,Calderdale,2,3,2,27,2,9
36K1213,412224,426309,2,20/06/2016,1734,3,A644,1,1,1,Calderdale,1,3,2,31,2,9
36K1213,412224,426309,2,20/06/2016,1734,3,A644,1,1,1,Calderdale,2,3,2,24,2,9
36M1054,407897,428998,2,22/06/2016,1615,6,U,1,1,1,Calderdale,1,3,1,90,1,9
36O0085,409176,425230,1,24/06/2016,115,6,U,1,4,1,Calderdale,3,2,1,24,1,9
36P0681,405255,424205,2,24/06/2016,1515,6,U,1,1,1,Calderdale,1,3,2,20,1,9
36Q0685,398818,427232,2,26/06/2016,1200,6,U,1,1,1,Calderdale,1,3,1,44,2,1
36Q1267,403942,419784,2,26/06/2016,1245,3,A672,1,1,1,Calderdale,1,3,1,54,1,1
36S0821,407918,424313,1,28/06/2016,1607,6,U,2,1,2,Calderdale,3,3,2,16,1,9
36S1088,393946,424182,1,28/06/2016,1627,3,A646,1,1,1,Calderdale,3,2,2,92,1,9
36S1791,408864,422539,1,28/06/2016,2344,3,A6029,2,4,1,Calderdale,1,3,1,34,1,9
36U0600,393809,424178,1,30/06/2016,1211,6,U,1,1,1,Calderdale,3,3,2,79,1,19
3730466,410954,428903,2,03/07/2016,820,3,A644,1,1,1,Calderdale,1,3,2,67,1,9
3740493,399606,414930,2,04/07/2016,1054,1,M62,1,1,1,Calderdale,1,3,2,39,1,9
3741918,408004,425787,3,04/07/2016,2315,6,U,2,4,2,Calderdale,3,2,1,21,2,9
3750945,411199,420636,1,05/07/2016,1524,6,U,1,1,1,Calderdale,3,3,1,6,1,9
3780179,409986,425662,1,08/07/2016,330,3,A58,1,4,1,Calderdale,2,3,1,26,1,19
3780274,406000,424253,2,06/07/2016,800,3,A646,1,1,1,Calderdale,1,3,2,27,1,9
3780583,408805,419783,1,08/07/2016,1134,4,B6112,2,1,1,Calderdale,1,3,1,21,1,3
3790739,409002,426373,2,09/07/2016,1155,3,A647,2,1,2,Calderdale,1,3,2,30,2,9
3791237,407718,424209,1,09/07/2016,1520,3,A646,1,1,1,Calderdale,2,3,2,53,1,11
3791716,411814,421392,1,09/07/2016,2135,6,U,2,1,2,Calderdale,3,2,1,52,1,9
37A0836,412464,425598,2,10/07/2016,1310,3,A644,1,1,1,Calderdale,2,3,2,40,2,9
37A1134,409580,424819,3,10/07/2016,1548,6,U,2,1,2,Calderdale,1,3,2,42,2,9
37B1107,412350,426601,2,11/07/2016,1630,3,A644,1,1,1,Calderdale,1,2,1,75,2,4
37B1301,407015,425101,2,11/07/2016,1812,6,U,1,1,1,Calderdale,1,2,1,10,2,1
37C0398,408691,425950,4,12/07/2016,945,3,A629,1,1,1,Calderdale,1,3,1,76,2,9
37C0398,408691,425950,4,12/07/2016,945,3,A629,1,1,1,Calderdale,2,3,1,21,1,9
3.70E+304,410740,426274,2,14/07/2016,822,3,A58,1,1,1,Calderdale,1,3,2,45,2,3
37F0253,404811,423337,2,15/07/2016,752,6,U,1,1,1,Calderdale,1,3,1,11,1,1
37F0785,408633,423517,2,15/07/2016,1328,3,A646,1,1,1,Calderdale,1,3,1,53,1,9
37F0785,408633,423517,2,15/07/2016,1328,3,A646,1,1,1,Calderdale,2,3,2,19,1,9
37F0785,408633,423517,2,15/07/2016,1328,3,A646,1,1,1,Calderdale,1,3,1,53,2,8
37G0207,401419,415557,2,16/07/2016,305,1,M62,2,4,5,Calderdale,1,3,1,51,1,21
37G0207,401419,415557,2,16/07/2016,305,1,M62,2,4,5,Calderdale,1,2,1,35,2,11
37G0207,401419,415557,2,16/07/2016,305,1,M62,2,4,5,Calderdale,2,2,1,22,2,11
37G1206,409121,425239,2,16/07/2016,1609,3,A629,1,1,1,Calderdale,2,3,1,2,1,9
37G1206,409121,425239,2,16/07/2016,1609,3,A629,1,1,1,Calderdale,2,3,2,6,1,9
37G1826,410499,424553,3,16/07/2016,2145,6,U,1,4,1,Calderdale,1,3,1,43,1,9
37H0889,399419,429030,2,17/07/2016,1316,3,A6033,1,1,1,Calderdale,1,1,1,32,1,1
37H0892,399419,429028,2,17/07/2016,1316,3,A6033,1,1,1,Calderdale,1,2,1,61,1,1
37I1449,416876,424195,2,18/07/2016,1825,1,M62,1,1,1,Calderdale,1,3,2,38,2,9
37J0320,409658,425760,2,19/07/2016,755,3,A58,1,1,1,Calderdale,2,3,2,49,1,11
37J1454,414041,421969,2,19/07/2016,1730,6,U,1,1,1,Calderdale,2,3,2,20,1,19
37K0858,407293,424724,2,18/07/2016,1839,6,U,1,1,1,Calderdale,2,3,2,36,1,9
37K0858,407293,424724,2,18/07/2016,1839,6,U,1,1,1,Calderdale,2,3,2,7,1,9
37K0858,407293,424724,2,18/07/2016,1839,6,U,1,1,1,Calderdale,2,3,2,8,1,9
37L0467,414755,422785,2,21/07/2016,945,6,U,1,1,1,Calderdale,2,3,2,12,1,9
37M2065,409327,424685,2,22/07/2016,2220,3,A629,1,4,1,Calderdale,3,3,1,36,2,4
37N1080,401132,426115,1,23/07/2016,1403,6,U,1,1,1,Calderdale,3,3,2,31,1,9
37N1080,401132,426115,1,23/07/2016,1403,6,U,1,1,1,Calderdale,3,3,2,1,1,9
37N1229,394910,424521,2,23/07/2016,1340,3,A646,1,1,1,Calderdale,1,3,2,49,2,9
37O0181,408361,426810,2,24/07/2016,131,3,A629,1,1,1,Calderdale,1,2,1,26,1,19
37O0181,408361,426810,2,24/07/2016,131,3,A629,1,1,1,Calderdale,2,3,2,15,1,19
37O0181,408361,426810,2,24/07/2016,131,3,A629,1,1,1,Calderdale,1,3,1,43,2,8
37O0181,408361,426810,2,24/07/2016,131,3,A629,1,1,1,Calderdale,2,3,2,20,1,19
37O0860,407570,425894,2,24/07/2016,1234,6,U,1,1,1,Calderdale,1,3,1,22,1,9
37Q0252,409336,419505,2,26/07/2016,639,6,U,2,1,2,Calderdale,1,3,2,44,2,9
37Q0310,399433,414905,2,26/07/2016,750,1,M62,1,1,1,Calderdale,1,3,1,33,1,9
37Q0310,399433,414905,2,26/07/2016,750,1,M62,1,1,1,Calderdale,1,3,1,37,2,9
37R0507,406949,430905,2,27/07/2016,1110,3,A629,1,1,1,Calderdale,1,3,2,27,1,9
37S0449,406845,423829,2,28/07/2016,1015,3,A6026,1,1,1,Calderdale,1,3,1,53,2,9
37S0449,406845,423829,2,28/07/2016,1015,3,A6026,1,1,1,Calderdale,1,3,2,68,1,9
37S1040,399448,414907,3,28/07/2016,1618,1,M62,2,1,2,Calderdale,1,3,2,21,1,9
37T1424,409121,425236,3,29/07/2016,1850,6,U,1,1,1,Calderdale,1,3,2,24,1,9
37T1424,409121,425236,3,29/07/2016,1850,6,U,1,1,1,Calderdale,2,3,2,2,1,9
37T1599,392835,423082,1,29/07/2016,2018,3,A681,1,1,1,Calderdale,2,3,2,20,1,9
37T1599,392835,423082,1,29/07/2016,2018,3,A681,1,1,1,Calderdale,2,3,1,17,1,9
37U0352,409112,425094,1,30/07/2016,522,3,A629,1,1,1,Calderdale,3,2,2,20,1,9
3851310,409750,422901,2,05/08/2016,1450,3,A629,1,1,1,Calderdale,1,3,2,20,1,9
3851310,409750,422901,2,05/08/2016,1450,3,A629,1,1,1,Calderdale,2,3,2,27,1,9
3851493,406701,424762,2,05/08/2016,1730,3,A646,1,1,1,Calderdale,1,3,1,46,1,5
3870119,408033,426374,1,07/08/2016,57,6,U,1,4,1,Calderdale,1,2,1,34,1,9
3870119,408033,426374,1,07/08/2016,57,6,U,1,4,1,Calderdale,2,2,1,20,1,9
3870119,408033,426374,1,07/08/2016,57,6,U,1,4,1,Calderdale,2,2,1,24,1,9
3871293,409599,421395,1,07/08/2016,1732,6,U,1,1,1,Calderdale,1,2,1,14,1,1
3891554,416277,422154,2,09/08/2016,1825,3,A644,1,1,1,Calderdale,1,3,1,20,1,9
3891554,416277,422154,2,09/08/2016,1825,3,A644,1,1,1,Calderdale,2,3,1,14,1,9
38B0452,400179,426542,1,10/08/2016,120,3,A646,2,4,2,Calderdale,1,1,1,21,1,5
38B1116,408174,427295,2,11/08/2016,1755,3,A629,1,1,1,Calderdale,1,3,2,37,1,9
38B1154,407940,424696,2,11/08/2016,1815,6,U,1,1,1,Calderdale,1,3,1,50,2,22
38C1070,414177,423447,1,12/08/2016,1600,6,U,1,1,1,Calderdale,3,3,1,64,1,2
38D0072,401253,426033,1,13/08/2016,45,3,A646,2,4,2,Calderdale,3,2,1,38,1,8
38E1157,410454,426044,2,14/08/2016,1655,3,A58,1,1,1,Calderdale,1,2,1,51,2,1
38F1731,412960,429054,2,15/08/2016,2110,4,B6147,1,4,1,Calderdale,1,3,2,35,2,5
38G1231,411088,421252,2,16/08/2016,1720,4,B6114,1,1,1,Calderdale,2,3,1,13,1,11
38G1231,411088,421252,2,16/08/2016,1720,4,B6114,1,1,1,Calderdale,2,3,2,34,1,11
38G1231,411088,421252,2,16/08/2016,1720,4,B6114,1,1,1,Calderdale,2,3,2,17,1,11
38G1231,411088,421252,2,16/08/2016,1720,4,B6114,1,1,1,Calderdale,2,3,1,60,1,11
38H0589,407915,424310,2,17/08/2016,1135,6,U,1,1,1,Calderdale,3,3,1,48,2,11
38I0273,409593,422354,2,18/08/2016,735,4,B6112,1,1,1,Calderdale,1,3,1,51,1,3
38I1520,410859,421525,1,18/08/2016,1932,3,A629,1,1,1,Calderdale,1,3,1,32,1,19
38J0589,411178,419328,2,19/08/2016,1120,3,A629,2,1,2,Calderdale,1,3,2,27,1,9
38J1400,403077,416005,4,19/08/2016,1904,1,M62,1,1,1,Calderdale,1,3,1,23,2,9
38J1879,390799,423819,2,19/08/2016,2314,3,A681,2,4,1,Calderdale,1,3,1,20,1,9
38J1879,390799,423819,2,19/08/2016,2314,3,A681,2,4,1,Calderdale,2,3,2,18,1,9
38L1283,408399,426250,3,21/08/2016,1815,6,U,1,1,1,Calderdale,1,3,1,12,2,2
38L1283,408399,426250,3,21/08/2016,1815,6,U,1,1,1,Calderdale,1,3,1,13,3,2
38M0064,406085,428498,2,21/08/2016,2250,6,U,1,4,9,Calderdale,1,3,1,34,1,9
38N1780,409996,425617,3,23/08/2016,2054,3,A58,1,4,1,Calderdale,1,2,1,26,1,9
38N1780,409996,425617,3,23/08/2016,2054,3,A58,1,4,1,Calderdale,2,2,1,25,1,9
38N1780,409996,425617,3,23/08/2016,2054,3,A58,1,4,1,Calderdale,1,2,2,54,3,9
38N2063,408271,424538,2,23/08/2016,1620,3,A58,1,1,1,Calderdale,1,3,1,40,2,9
38O2020,408340,424576,2,24/08/2016,2220,3,A58,1,4,1,Calderdale,1,3,1,46,1,9
38P1257,410837,421003,1,25/08/2016,1701,6,U,2,1,2,Calderdale,3,3,2,50,1,19
38Q0477,406982,426310,2,26/08/2016,1835,6,U,1,1,1,Calderdale,1,3,2,36,2,9
38Q0477,406982,426310,2,26/08/2016,1835,6,U,1,1,1,Calderdale,2,3,2,19,2,9
38Q0477,406982,426310,2,26/08/2016,1835,6,U,1,1,1,Calderdale,2,3,1,15,2,9
38S0739,412462,422538,3,28/08/2016,1830,3,A6025,1,1,1,Calderdale,1,2,1,49,1,9
38S0739,412462,422538,3,28/08/2016,1830,3,A6025,1,1,1,Calderdale,2,2,2,28,1,9
38S0739,412462,422538,3,28/08/2016,1830,3,A6025,1,1,1,Calderdale,1,3,2,58,3,9
38T1594,408079,429047,2,29/08/2016,1910,6,U,1,1,1,Calderdale,1,3,1,45,1,9
38T1594,408079,429047,2,29/08/2016,1910,6,U,1,1,1,Calderdale,2,3,1,30,1,9
38T1594,408079,429047,2,29/08/2016,1910,6,U,1,1,1,Calderdale,2,3,1,24,2,9
38U0285,413079,425264,1,30/08/2016,700,6,U,1,1,1,Calderdale,3,3,1,32,1,9
38U0473,392345,421994,1,29/08/2016,1330,6,U,1,1,1,Calderdale,1,3,1,28,1,17
3931052,409134,420714,2,03/09/2016,1528,4,B6112,2,1,2,Calderdale,1,3,2,37,2,9
3931052,409134,420714,2,03/09/2016,1528,4,B6112,2,1,2,Calderdale,2,3,2,36,2,9
3931432,409809,425235,2,03/09/2016,1550,6,U,2,1,2,Calderdale,1,3,2,26,2,9
3931695,406000,423600,1,03/09/2016,2213,3,A58,2,1,2,Calderdale,3,2,1,60,1,9
3960887,409529,423396,2,06/09/2016,1439,3,A629,1,1,1,Calderdale,1,3,2,85,1,9
3961680,415504,422619,2,06/09/2016,2040,3,A644,1,4,1,Calderdale,1,1,1,30,2,9
3961680,415504,422619,2,06/09/2016,2040,3,A644,1,4,1,Calderdale,2,1,2,26,2,9
3970611,408389,426743,1,07/09/2016,1131,3,A629,1,1,1,Calderdale,2,3,2,65,1,11
3990643,409554,423118,1,09/09/2016,1119,6,U,1,1,1,Calderdale,3,3,1,61,1,8
3991338,408704,425463,1,09/09/2016,1700,6,U,1,1,1,Calderdale,3,3,2,55,1,9
39A1720,408558,424664,2,10/09/2016,2035,6,U,1,1,1,Calderdale,2,3,1,9,2,9
39B1380,409732,422552,2,11/09/2016,1715,3,A629,1,1,1,Calderdale,1,2,1,28,1,9
39B1728,415610,422525,2,11/09/2016,2007,3,A644,1,4,1,Calderdale,2,2,1,19,1,9
39B1728,415610,422525,2,11/09/2016,2007,3,A644,1,4,1,Calderdale,1,3,1,35,2,9
39D0686,400016,426645,2,13/09/2016,1144,3,A646,1,1,1,Calderdale,1,3,1,47,2,5
39D0851,408959,423138,3,13/09/2016,1905,6,U,1,1,1,Calderdale,1,3,1,14,1,1
39E1573,394294,424325,2,14/09/2016,1910,3,A646,1,1,1,Calderdale,1,3,2,52,2,1
39F0424,393493,421912,2,15/09/2016,820,3,A6033,1,1,1,Calderdale,1,3,1,60,2,1
39F1547,412455,425469,2,15/09/2016,1840,3,A58,1,1,1,Calderdale,1,3,1,14,2,1
39G0557,408011,424367,2,16/09/2016,1108,6,U,1,1,1,Calderdale,1,3,2,52,1,9
39G0557,408011,424367,2,16/09/2016,1108,6,U,1,1,1,Calderdale,2,3,2,55,2,9
39H0887,409228,425245,1,17/09/2016,1315,6,U,1,1,1,Calderdale,3,3,1,1,1,9
39J0896,413137,429129,3,19/09/2016,1514,6,U,1,1,1,Calderdale,1,3,1,26,1,9
39J1187,394341,424383,1,19/09/2016,1645,3,A646,1,1,1,Calderdale,1,3,1,55,1,1
39K1199,407680,424210,2,20/09/2016,1655,3,A646,1,1,1,Calderdale,1,3,1,63,1,9
39M1129,409823,420435,1,22/09/2016,1613,6,U,1,1,1,Calderdale,3,3,1,11,1,9
39N0583,401564,415623,2,23/09/2016,1125,1,M62,1,1,1,Calderdale,1,3,2,56,2,9
39N0754,408634,424757,1,23/09/2016,1310,3,A58,1,1,1,Calderdale,3,3,1,19,1,19
39Q1003,413829,423764,2,26/09/2016,1529,6,U,2,1,2,Calderdale,1,3,1,16,1,2
39S0259,409639,425272,2,28/09/2016,810,6,U,1,1,1,Calderdale,1,3,2,55,2,9
39S1667,394306,424335,2,28/09/2016,2019,3,A646,1,4,1,Calderdale,1,2,1,37,2,1
39T1815,408122,420965,2,29/09/2016,2200,4,B6114,1,4,1,Calderdale,1,1,1,18,1,9
39T1815,408122,420965,2,29/09/2016,2200,4,B6114,1,4,1,Calderdale,2,3,1,72,1,9
3A11081,409149,425199,1,01/10/2016,1529,6,U,1,1,1,Calderdale,3,3,2,24,1,9
3A11891,406889,424637,2,01/10/2016,2255,3,A646,1,4,1,Calderdale,1,3,2,18,1,9
3A30396,408259,427159,1,03/10/2016,945,6,U,1,1,1,Calderdale,3,3,1,43,1,9
3A30723,406945,430926,2,03/10/2016,1330,3,A629,1,1,8,Calderdale,2,3,2,11,2,9
3A30732,408868,419880,1,03/10/2016,1337,4,B6112,1,1,1,Calderdale,3,3,2,35,1,9
3A40172,407793,423242,2,04/10/2016,700,6,U,1,1,1,Calderdale,1,3,1,51,2,1
3A50264,406116,424096,1,05/10/2016,845,6,U,1,1,1,Calderdale,3,3,1,13,1,9
3A51005,410870,421674,2,05/10/2016,1555,3,A6025,1,1,1,Calderdale,1,3,1,23,2,9
3A51398,409230,425288,2,09/10/2016,1945,6,U,1,4,1,Calderdale,1,3,1,23,1,3
3A60323,409964,421081,1,06/10/2016,858,6,U,1,1,1,Calderdale,3,3,1,5,1,10
3A80348,411209,419553,2,08/10/2016,458,1,M62,1,4,1,Calderdale,1,3,1,28,1,9
3A80697,400875,426270,2,08/10/2016,1121,3,A646,1,1,1,Calderdale,2,3,2,62,1,9
3A80697,400875,426270,2,08/10/2016,1121,3,A646,1,1,1,Calderdale,1,3,1,54,2,9
3A80697,400875,426270,2,08/10/2016,1121,3,A646,1,1,1,Calderdale,2,3,2,48,2,9
3A80752,409946,421089,2,08/10/2016,1153,4,B6114,2,1,1,Calderdale,1,3,1,38,2,19
3A80752,409946,421089,2,08/10/2016,1153,4,B6114,2,1,1,Calderdale,2,3,2,29,1,9
3A80752,409946,421089,2,08/10/2016,1153,4,B6114,2,1,1,Calderdale,2,3,2,25,1,9
3AF1108,394300,424333,2,15/10/2016,1605,3,A624,1,1,1,Calderdale,1,3,1,86,1,9
3AG1426,409134,425471,2,16/10/2016,1821,3,A629,1,1,1,Calderdale,1,3,2,22,2,9
3AG1426,409134,425471,2,16/10/2016,1821,3,A629,1,1,1,Calderdale,2,3,2,24,2,9
3AI0689,414852,425164,1,18/10/2016,1335,3,A641,2,1,2,Calderdale,3,3,1,51,1,9
3AI1166,412738,420292,2,18/10/2016,1740,1,M62,1,1,1,Calderdale,1,3,1,48,1,9
3AI1356,408892,425783,2,18/10/2016,1905,6,U,2,4,1,Calderdale,2,3,2,10,2,9
3AI1356,408892,425783,2,18/10/2016,1905,6,U,2,4,1,Calderdale,2,3,2,32,2,9
3AJ1358,405836,423425,2,19/10/2016,1915,6,U,1,4,1,Calderdale,2,3,2,20,1,8
3AL0581,408802,424910,2,21/10/2016,1216,3,A58,1,1,1,Calderdale,1,3,1,72,2,9
3AM0524,414157,423059,1,22/10/2016,930,3,A644,1,1,1,Calderdale,1,3,2,78,1,9
3AQ0263,414866,425163,2,26/10/2016,739,3,A641,1,1,1,Calderdale,1,2,1,46,1,1
3AQ0400,411551,420349,1,26/10/2016,1012,6,U,1,1,1,Calderdale,1,3,2,79,1,9
3AQ0500,407636,426041,1,26/10/2016,1125,6,U,2,1,1,Calderdale,1,3,2,49,1,9
3AQ1141,409973,425659,2,26/10/2016,1700,3,A58,1,1,1,Calderdale,1,3,1,33,1,4
3AR1138,411535,419637,4,27/10/2016,1735,1,M62,1,1,1,Calderdale,2,3,1,23,3,9
3AR1138,411535,419637,4,27/10/2016,1735,1,M62,1,1,1,Calderdale,1,3,2,20,3,9
3AR1696,410904,420722,1,26/10/2016,2150,6,U,1,4,1,Calderdale,3,3,1,40,1,9
3AS1370,391025,426225,1,28/10/2016,1300,6,U,1,1,1,Calderdale,3,3,1,25,1,19
3AV1325,406867,428047,2,31/10/2016,1740,6,U,1,1,1,Calderdale,2,3,1,64,1,11
3AV1395,409112,425093,1,31/10/2016,1800,3,A629,1,4,1,Calderdale,3,3,1,27,1,9
3B21902,407763,427522,2,02/11/2016,2250,3,A629,2,4,1,Calderdale,2,3,2,52,1,9
3B30197,409759,421287,2,04/11/2016,726,4,B6112,1,1,1,Calderdale,1,2,1,21,1,3
3B40406,407529,425474,2,04/11/2016,1000,6,U,1,1,1,Calderdale,1,3,2,41,1,9
3B40796,416677,422368,2,04/11/2016,1340,1,M62,1,1,1,Calderdale,1,3,1,44,1,9
3B70794,394794,424516,1,27/10/2016,900,6,U,1,1,1,Calderdale,3,3,2,74,1,9
3B90137,398865,414804,3,09/11/2016,540,1,M62,3,4,3,Calderdale,1,3,1,58,1,8
3BA1031,416104,422876,2,10/11/2016,1610,6,U,2,1,1,Calderdale,3,3,2,36,1,9
3BA1221,406526,423794,1,10/11/2016,1805,3,A58,2,4,1,Calderdale,3,3,2,22,1,9
3BA1511,410958,421789,2,10/11/2016,1245,3,A6025,1,1,1,Calderdale,2,3,2,82,2,9
3BB1171,409373,425592,2,10/11/2016,1420,6,U,1,1,1,Calderdale,1,3,2,25,2,9
3BC0727,398776,414653,1,12/11/2016,1250,1,M62,2,1,1,Calderdale,1,3,2,38,1,9
3BC1844,409319,424753,2,12/11/2016,2330,3,A629,1,4,1,Calderdale,2,3,1,15,2,9
3BC1844,409319,424753,2,12/11/2016,2330,3,A629,1,4,1,Calderdale,1,3,2,19,2,9
3BE1188,409797,423090,2,14/11/2016,1717,3,A626,2,4,1,Calderdale,1,3,1,54,1,1
3BE1382,409653,424985,2,14/11/2016,1858,6,U,2,4,1,Calderdale,1,3,1,50,1,9
3BE1382,409653,424985,2,14/11/2016,1858,6,U,2,4,1,Calderdale,1,3,2,22,2,9
3BG0601,417770,420909,2,16/11/2016,1205,3,A62,2,1,1,Calderdale,1,3,1,24,2,1
3BK0957,411156,419514,2,20/11/2016,1440,1,M62,1,1,1,Calderdale,1,3,1,48,2,9
3BK0957,411156,419514,2,20/11/2016,1440,1,M62,1,1,1,Calderdale,2,3,2,49,1,9
3BK0957,411156,419514,2,20/11/2016,1440,1,M62,1,1,1,Calderdale,2,3,2,17,1,9
3BL0189,407886,426458,2,21/11/2016,720,6,U,2,4,2,Calderdale,1,3,1,26,2,3
3BL1247,403842,425297,1,21/11/2016,1800,6,U,2,4,5,Calderdale,3,3,2,24,1,9
3BL1455,408404,426585,2,21/11/2016,1454,3,A629,1,7,1,Calderdale,1,3,2,47,1,9
3BL1455,408404,426585,2,21/11/2016,1454,3,A629,1,7,1,Calderdale,2,3,2,16,1,9
3BO0541,408744,425850,3,24/11/2016,1123,3,A629,1,1,1,Calderdale,1,3,2,30,2,9
3BP1244,394028,424201,1,25/11/2016,1730,3,A646,1,4,1,Calderdale,3,3,2,33,1,9
3BQ1300,408896,421306,1,26/11/2016,1726,4,B6113,1,1,1,Calderdale,3,3,1,69,1,9
3BS0640,403756,425085,2,26/11/2016,1430,3,A646,1,1,1,Calderdale,1,3,1,41,2,1
3BS0839,408326,426906,3,28/11/2016,1400,3,A629,1,1,1,Calderdale,1,3,1,61,2,5
3BS0991,393740,424150,2,23/11/2016,1700,3,A646,1,4,1,Calderdale,1,3,2,81,1,9
3BT0170,414862,422958,1,29/11/2016,539,3,A643,2,4,1,Calderdale,3,2,2,52,1,21
3BT0779,404289,420320,1,29/11/2016,1415,3,A58,1,1,1,Calderdale,1,3,1,87,1,9
3BT0779,404289,420320,1,29/11/2016,1415,3,A58,1,1,1,Calderdale,2,2,2,87,1,9
3BT0853,408743,422679,1,28/11/2016,1530,6,U,1,1,1,Calderdale,3,3,1,39,1,90
3BT0968,416372,422224,3,29/11/2016,1629,3,A644,1,1,1,Calderdale,1,3,1,48,2,19
3BT0968,416372,422224,3,29/11/2016,1629,3,A644,1,1,1,Calderdale,1,3,1,40,3,19
3BU0555,412533,425487,1,30/11/2016,1128,3,A58,1,1,1,Calderdale,3,2,2,82,1,9
3BU0733,413476,426043,2,30/11/2016,1312,3,A58,2,1,1,Calderdale,1,3,1,66,2,19
3BU1088,411599,419658,3,30/11/2016,1625,1,M62,2,4,1,Calderdale,1,3,1,45,1,9
3C10734,406224,423686,2,01/12/2016,1650,6,U,1,4,1,Calderdale,1,3,1,36,2,1
3C11127,409581,421143,2,01/12/2016,1630,4,B6112,2,4,1,Calderdale,2,2,1,29,2,9
3C11127,409581,421143,2,01/12/2016,1630,4,B6112,2,4,1,Calderdale,1,2,1,39,1,9
3C11127,409581,421143,2,01/12/2016,1630,4,B6112,2,4,1,Calderdale,1,2,1,29,2,9
3C20419,409233,425087,1,02/12/2016,904,6,U,1,1,1,Calderdale,3,3,2,72,1,9
3C21001,407111,428651,2,02/12/2016,1511,3,A629,1,1,1,Calderdale,1,3,1,43,1,9
3C30458,398919,420371,1,03/12/2016,836,4,B6138,2,1,1,Calderdale,1,3,1,38,1,8
3C40670,408484,424676,2,04/12/2016,1134,3,A58,2,1,1,Calderdale,2,3,2,33,2,9
3C40860,411430,429384,1,04/12/2016,1330,6,U,1,1,1,Calderdale,1,1,1,80,1,9
3C60820,414582,422894,1,06/12/2016,1115,6,U,1,1,1,Calderdale,3,3,2,82,1,9
3C71349,414582,422900,2,07/12/2016,1800,6,U,1,4,1,Calderdale,1,3,2,38,2,9
3C80192,406259,423902,2,08/12/2016,1815,6,U,1,4,1,Calderdale,1,3,1,29,2,1
3C81134,400646,415313,2,08/12/2016,1615,1,M62,2,4,7,Calderdale,2,2,1,36,2,9
3C81411,409444,423329,1,08/12/2016,1829,6,U,1,4,1,Calderdale,3,3,1,21,1,9
3C81737,410957,420885,2,08/12/2016,2058,6,U,1,4,1,Calderdale,1,3,2,35,1,9
3C81737,410957,420885,2,08/12/2016,2058,6,U,1,4,1,Calderdale,2,3,2,49,1,9
3C81737,410957,420885,2,08/12/2016,2058,6,U,1,4,1,Calderdale,2,3,2,7,1,9
3C81737,410957,420885,2,08/12/2016,2058,6,U,1,4,1,Calderdale,2,3,1,18,2,9
3C91606,390042,426113,1,09/12/2016,2045,3,A646,2,4,1,Calderdale,1,3,1,43,1,9
3CB1452,407388,425510,2,11/12/2016,2115,6,U,2,4,1,Calderdale,1,3,2,51,2,9
3CB1452,407388,425510,2,11/12/2016,2115,6,U,2,4,1,Calderdale,2,3,2,45,2,9
3CC1318,399318,427267,1,12/12/2016,1318,6,U,1,1,1,Calderdale,3,2,2,72,1,9
3CE1657,412972,429004,3,14/12/2016,2039,3,A6036,1,4,1,Calderdale,1,1,1,29,1,9
3CF0983,416317,422076,3,15/12/2016,1609,1,M62,1,4,1,Calderdale,1,3,1,53,1,9
3CF1536,411039,420727,2,14/12/2016,1800,6,U,1,4,1,Calderdale,2,3,2,59,1,9
3CG1544,399532,427000,2,16/12/2016,1730,3,A646,1,4,1,Calderdale,1,3,1,50,2,5
3CG1838,407612,425896,1,16/12/2016,2238,6,U,1,4,1,Calderdale,3,3,1,15,1,9
3CI0903,409951,425657,2,18/12/2016,405,3,A58,1,4,1,Calderdale,1,3,1,32,1,8
3CI1167,406521,423797,2,18/12/2016,1700,3,A58,1,4,1,Calderdale,1,3,1,33,2,5
3CJ0402,404367,416732,1,19/12/2016,1000,1,M62,1,1,1,Calderdale,1,3,2,34,1,9
3CJ1043,412612,428904,2,19/12/2016,1643,3,A6036,2,4,1,Calderdale,1,3,1,17,2,3
3CJ1121,405786,424180,2,19/12/2016,1710,3,A646,2,4,1,Calderdale,1,3,1,17,2,3
3CM0935,407067,428164,1,22/12/2016,1555,3,A629,1,1,1,Calderdale,3,3,1,82,1,8
3CN1275,409520,424564,2,23/12/2016,1800,6,U,2,4,5,Calderdale,1,3,1,22,1,9
3CN1502,393629,424137,1,23/12/2016,2050,3,A1502,2,4,2,Calderdale,3,2,1,26,1,8
3CO0819,408916,425399,2,24/12/2016,1325,6,U,2,1,2,Calderdale,1,3,2,43,1,9
3CO0819,408916,425399,2,24/12/2016,1325,6,U,2,1,2,Calderdale,2,3,1,15,1,9
3CQ1558,408328,425108,2,26/12/2016,2304,6,U,1,4,1,Calderdale,2,2,2,26,1,8
3CQ1558,408328,425108,2,26/12/2016,2304,6,U,1,4,1,Calderdale,1,2,1,66,1,8
3CV1626,389969,426221,4,31/12/2016,2346,6,U,2,4,2,Calderdale,1,3,1,27,1,9
